{
    "rx": [
        1250.0,
        1259.2337445536468,
        1286.707612778635,
        1331.745106858724,
        1393.2372542187895,
        1469.6699141100894,
        1559.1610607806451,
        1659.50712519534,
        1768.2372542187895,
        1882.6741512198269,
        2000.0,
        2117.325848780173,
        2231.7627457812105,
        2340.49287480466,
        2440.838939219355,
        2530.3300858899106,
        2606.7627457812105,
        2668.2548931412757,
        2713.292387221365,
        2740.766255446353,
        2750.0
    ],
    "rz": [
        1000.0,
        882.6741512198269,
        768.2372542187894,
        659.50712519534,
        559.1610607806451,
        469.6699141100894,
        393.2372542187894,
        331.74510685872417,
        286.7076127786348,
        259.2337445536467,
        250.0,
        259.2337445536467,
        286.7076127786347,
        331.74510685872406,
        393.2372542187894,
        469.6699141100893,
        559.1610607806451,
        659.5071251953399,
        768.2372542187893,
        882.6741512198267,
        999.9999999999999
    ],
    "sx": [
        1250.0,
        1259.2337445536468,
        1286.707612778635,
        1331.745106858724,
        1393.2372542187895,
        1469.6699141100894,
        1559.1610607806451,
        1659.50712519534,
        1768.2372542187895,
        1882.6741512198269,
        2000.0,
        2117.325848780173,
        2231.7627457812105,
        2340.49287480466,
        2440.838939219355,
        2530.3300858899106,
        2606.7627457812105,
        2668.2548931412757,
        2713.292387221365,
        2740.766255446353,
        2750.0
    ],
    "sz": [
        1000.0,
        882.6741512198269,
        768.2372542187894,
        659.50712519534,
        559.1610607806451,
        469.6699141100894,
        393.2372542187894,
        331.74510685872417,
        286.7076127786348,
        259.2337445536467,
        250.0,
        259.2337445536467,
        286.7076127786347,
        331.74510685872406,
        393.2372542187894,
        469.6699141100893,
        559.1610607806451,
        659.5071251953399,
        768.2372542187893,
        882.6741512198267,
        999.9999999999999
    ]
}