{
    "sx": [
        1000
    ],
    "rx": [
        1150.0,
        1149.6980014707826,
        1148.7932219246193,
        1147.2893045894061,
        1145.1923052094535,
        1142.5106676611417,
        1139.255189952411,
        1135.4389807429932,
        1131.0774065604678,
        1126.1880299246773,
        1120.7905386296588,
        1114.9066664678467,
        1108.5601057157605,
        1101.7764117335698,
        1094.5829000626784,
        1087.0085364356796,
        1079.0838201415754,
        1070.8406612159024,
        1062.3122519502829,
        1053.5329332387807,
        1044.5380562992411,
        1035.363840326414,
        1026.0472266500396,
        1016.6257299851517,
        1007.1372873735613,
        997.6201054247788,
        988.1125064714818,
        978.6527742590072,
        969.2789997902214,
        960.0289279464947,
        950.9398055023868,
        942.0482311460307,
        933.3900081091339,
        925.0,
        916.9119904200835,
        909.15854692935,
        901.7708899082072,
        894.7787668440518,
        888.2103325486368,
        882.0920357885818,
        876.448512785525,
        871.3024880147534,
        866.6746827017615,
        862.5837313851896,
        859.0461068821137,
        856.0760539578254,
        853.6855319671889,
        851.8841666985409,
        850.6792116140373,
        850.0755186425222,
        850.0755186425222,
        850.6792116140373,
        851.8841666985409,
        853.6855319671889,
        856.0760539578254,
        859.0461068821137,
        862.5837313851896,
        866.6746827017614,
        871.3024880147534,
        876.448512785525,
        882.0920357885819,
        888.2103325486368,
        894.7787668440518,
        901.7708899082072,
        909.15854692935,
        916.9119904200834,
        925.0,
        933.3900081091339,
        942.0482311460307,
        950.9398055023867,
        960.0289279464948,
        969.2789997902214,
        978.6527742590072,
        988.1125064714817,
        997.6201054247789,
        1007.1372873735613,
        1016.6257299851517,
        1026.0472266500394,
        1035.3638403264142,
        1044.5380562992411,
        1053.5329332387807,
        1062.312251950283,
        1070.8406612159024,
        1079.0838201415754,
        1087.0085364356796,
        1094.5829000626784,
        1101.7764117335698,
        1108.5601057157605,
        1114.9066664678467,
        1120.7905386296588,
        1126.1880299246773,
        1131.0774065604678,
        1135.4389807429932,
        1139.255189952411,
        1142.5106676611417,
        1145.1923052094535,
        1147.2893045894061,
        1148.7932219246193,
        1149.6980014707826,
        1150.0
    ],
    "rz": [
        200.0,
        209.51358794848468,
        218.9888680360624,
        228.38768665406153,
        237.67219807716188,
        246.80501685477307,
        255.74936834904912,
        264.46923681337574,
        272.9295104150703,
        281.0961226183396,
        288.9361893581961,
        296.4181414529809,
        303.5118517223168,
        310.18875629863,
        316.42196964376353,
        322.18639280755036,
        327.45881449242717,
        332.2180045171373,
        336.4447993031778,
        340.122179039766,
        343.2353362166111,
        345.7717352485313,
        347.72116295183116,
        349.0757696691881,
        349.8301008774512,
        349.98111915108126,
        349.52821639279136,
        348.4732162821399,
        346.8203669322168,
        344.5763237839913,
        341.7501228072002,
        338.3531441156872,
        334.39906614370034,
        329.9038105676658,
        324.8854781952157,
        319.3642760796248,
        313.36243615313873,
        306.9041257068294,
        300.01535007744377,
        292.7238479330907,
        285.0589795794156,
        277.05160873601096,
        268.7339782591116,
        260.139580310992,
        251.30302149885034,
        242.25988352621445,
        233.04657991798112,
        223.7002093960025,
        214.25840649562736,
        204.75919002471014,
        195.24080997528984,
        185.74159350437262,
        176.29979060399748,
        166.9534200820189,
        157.74011647378552,
        148.69697850114972,
        139.86041968900793,
        131.26602174088845,
        122.94839126398904,
        114.94102042058441,
        107.2761520669092,
        99.98464992255627,
        93.09587429317057,
        86.63756384686127,
        80.63572392037518,
        75.1145218047843,
        70.09618943233417,
        65.6009338562996,
        61.6468558843128,
        58.249877192799744,
        55.42367621600869,
        53.179633067783186,
        51.5267837178601,
        50.471783607208664,
        50.01888084891874,
        50.1698991225488,
        50.924230330811895,
        52.27883704816878,
        54.22826475146874,
        56.764663783388926,
        59.877820960233976,
        63.555200696822254,
        67.7819954828627,
        72.54118550757285,
        77.81360719244962,
        83.57803035623651,
        89.81124370137002,
        96.4881482776832,
        103.58185854701907,
        111.06381064180397,
        118.90387738166038,
        127.07048958492967,
        135.5307631866242,
        144.2506316509509,
        153.19498314522696,
        162.3278019228381,
        171.61231334593853,
        181.01113196393766,
        190.48641205151532,
        199.99999999999997
    ],
    "sz": [
        200
    ]
}